Title,Type,Priority,Epic,Story Points,Status,Labels,Body
"TASK 3.1.1: Create Admin User Guide",task,P2-Medium,epic:docs,5,Todo,"docs","**Sections:**\n- Dashboard overview\n- Lead management\n- Site generation\n- Analytics and reporting\n- Troubleshooting\n\n**Acceptance:**\n- [ ] Written in Spanish and English\n- [ ] Includes screenshots\n- [ ] Step-by-step instructions\n- [ ] FAQ section"
"TASK 3.1.2: Create Business Owner Guide",task,P2-Medium,epic:docs,5,Todo,"docs","**Sections:**\n- Getting started\n- Customizing your site\n- Managing content\n- Understanding analytics\n- Getting support\n\n**Acceptance:**\n- [ ] Non-technical language\n- [ ] Visual guides\n- [ ] Video tutorials (optional)"
"TASK 3.1.3: Create Quick Start Guide",task,P2-Medium,epic:docs,3,Todo,"docs","**Acceptance:**\n- [ ] 5-minute getting started\n- [ ] Common tasks\n- [ ] Cheat sheet\n- [ ] One-pager for reference"
"TASK 3.2.1: Complete API Documentation",task,P1-High,epic:docs,5,Todo,"docs","**Current:** Partial API_ENDPOINTS.md exists\n\n**Acceptance:**\n- [ ] Document all endpoints\n- [ ] Include request/response examples\n- [ ] Document error codes\n- [ ] Authentication guide\n- [ ] Rate limiting details"
"TASK 3.2.2: Document Architecture Decisions",task,P1-High,epic:docs,5,Todo,"docs","**Deliverables:**\n- Architecture Decision Records (ADRs)\n- System architecture diagrams\n- Data flow documentation\n- Integration patterns\n\n**Acceptance:**\n- [ ] Document key decisions with rationale\n- [ ] Create C4 diagrams\n- [ ] Document data models"
"TASK 3.2.3: Create Developer Onboarding Guide",task,P1-High,epic:docs,5,Todo,"docs","**Sections:**\n- Environment setup\n- Codebase overview\n- Development workflow\n- Testing guide\n- Deployment process\n- Troubleshooting\n\n**Acceptance:**\n- [ ] New dev can be productive in 1 day\n- [ ] Includes all necessary links"
"TASK 3.2.4: Document Component Library",task,P1-High,epic:docs,3,Todo,"docs","**Current:** COMPONENT_LIBRARY.md exists\n\n**Acceptance:**\n- [ ] Document all 21 sections\n- [ ] Include prop types and examples\n- [ ] Add visual examples\n- [ ] Document theming"
"TASK 3.2.5: Create Database Schema Documentation",task,P1-High,epic:docs,3,Todo,"docs","**Acceptance:**\n- [ ] Entity Relationship Diagram\n- [ ] Table descriptions\n- [ ] Index documentation\n- [ ] Migration history"
"TASK 3.3.1: Create Deployment Runbooks",task,P2-Medium,epic:docs,5,Todo,"docs","**Current:** DEPLOYMENT_CHECKLIST.md exists\n\n**Acceptance:**\n- [ ] Step-by-step deployment procedures\n- [ ] Rollback procedures\n- [ ] Environment configuration\n- [ ] Verification steps"
"TASK 3.3.2: Create Monitoring & Alerting Runbooks",task,P2-Medium,epic:docs,3,Todo,"docs","**Acceptance:**\n- [ ] Dashboard interpretation\n- [ ] Alert response procedures\n- [ ] Common issues and solutions"
"TASK 3.3.3: Create Incident Response Runbooks",task,P2-Medium,epic:docs,3,Todo,"docs","**Acceptance:**\n- [ ] Severity classification\n- [ ] Response procedures by type\n- [ ] Communication templates\n- [ ] Post-incident process"
"TASK 3.3.4: Create Business Type Addition Guide",task,P2-Medium,epic:docs,2,Todo,"docs","**Current:** ADDING_BUSINESS_TYPES.md exists\n\n**Acceptance:**\n- [ ] Update with latest patterns\n- [ ] Add troubleshooting section\n- [ ] Include validation steps"
"TASK 4.1.1: Implement Multi-Page Site Generation",task,P1-High,epic:platform,8,Todo,"feature","**Context:** Currently only generates homepage\n\n**Acceptance:**\n- [ ] Generate services page\n- [ ] Generate gallery page\n- [ ] Generate team page\n- [ ] Generate contact page\n- [ ] Generate blog index (if applicable)\n- [ ] Link pages in navigation"
"TASK 4.1.2: Implement On-Demand Site Generation API",task,P1-High,epic:platform,5,Todo,"feature","**Acceptance:**\n- [ ] Create `/api/generate` endpoint\n- [ ] Support async generation\n- [ ] Add generation queue\n- [ ] Implement progress tracking\n- [ ] Add webhook notifications"
"TASK 4.1.3: Implement Site Versioning",task,P1-High,epic:platform,5,Todo,"feature","**Context:** Table exists but unused\n\n**Acceptance:**\n- [ ] Store version on each generation\n- [ ] Support rollback to previous version\n- [ ] Add version comparison\n- [ ] Create version history UI"
"TASK 4.1.4: Implement Palette Selection UI",task,P1-High,epic:platform,3,Todo,"feature","**Context:** Backend ready, no UI\n\n**Acceptance:**\n- [ ] Create palette picker component\n- [ ] Show preview of each palette\n- [ ] Save palette preference\n- [ ] Apply palette to generated site"
"TASK 4.2.1: Implement Full CRUD for Businesses",task,P1-High,epic:platform,8,Todo,"feature","**Context:** Currently read-only\n\n**Acceptance:**\n- [ ] Create business form\n- [ ] Edit business data\n- [ ] Delete business with confirmation\n- [ ] Bulk operations\n- [ ] Import from CSV"
"TASK 4.2.2: Implement Site Generation Trigger",task,P1-High,epic:platform,5,Todo,"feature","**Acceptance:**\n- [ ] Add Generate Site button\n- [ ] Show generation progress\n- [ ] Display preview link\n- [ ] Show generation history"
"TASK 4.2.3: Implement Lead Management Dashboard",task,P1-High,epic:platform,5,Todo,"feature","**Acceptance:**\n- [ ] Filterable lead table\n- [ ] Lead detail view\n- [ ] Status management\n- [ ] Notes and activity log\n- [ ] Export functionality"
"TASK 4.2.4: Implement Business Analytics Dashboard",task,P2-Medium,epic:platform,3,Todo,"feature","**Acceptance:**\n- [ ] Site view analytics\n- [ ] Lead conversion metrics\n- [ ] Popular sections report\n- [ ] Export reports"
"TASK 4.3.1: Implement Lead Import Pipeline",task,P1-High,epic:platform,5,Todo,"feature","**Context:** Script exists, needs to be run\n\n**Acceptance:**\n- [ ] Run import for 3,960 Priority A leads\n- [ ] Validate imported data\n- [ ] Handle duplicates\n- [ ] Create import history log"
"TASK 4.3.2: Implement Lead Scoring v2",task,P1-High,epic:platform,5,Todo,"feature","**Acceptance:**\n- [ ] Incorporate social signals\n- [ ] Weight IG follower count\n- [ ] Add activity recency scoring\n- [ ] Recalibrate all scores\n- [ ] Update Priority A list"
"TASK 4.3.3: Implement Lead Status Pipeline",task,P1-High,epic:platform,3,Todo,"feature","**Acceptance:**\n- [ ] Define status states\n- [ ] Implement state transitions\n- [ ] Add status history tracking\n- [ ] Create status dashboard"
